<?xml version="1.0" encoding="UTF-8"?>
<beans xmlns="http://www.springframework.org/schema/beans"
   xmlns:xsi="http://www.w3.org/2001/XMLSchema-instance"
   xmlns:context="http://www.springframework.org/schema/context"
   xsi:schemaLocation="http://www.springframework.org/schema/beans https://www.springframework.org/schema/beans/spring-beans.xsd
   http://www.springframework.org/schema/context https://www.springframework.org/schema/context/spring-context.xsd">
   
    <context:component-scan base-package="EyeUnderstand.model"/>
    
   <!-- Root Context: defines shared resources visible to all other web components -->
   <bean id="sqlSessionFactory" class="org.mybatis.spring.SqlSessionFactoryBean">
       <property name="dataSource" ref="dataSource"/> 
       <property name="configLocation" value="/WEB-INF/mybatis/mybatis-config.xml"/> 
       <property name="mapperLocations" value="classpath:EyeUnderstand/mybatis/*.xml"/>       
   </bean>   
   
   <!--  jdbc -->
   <bean id="dataSource" class="org.springframework.jdbc.datasource.SimpleDriverDataSource">
       <property name="driverClass" value="${driver}"/>
       <property name="url" value="${url}"/>
       <property name="username" value="${username}"/>
       <property name="password" value="${password}"/>       
   </bean>   
   <!-- db.properties 연결 -->
   <bean id="propertyPlaceholderConfigurer" class="org.springframework.beans.factory.config.PropertyPlaceholderConfigurer">
        <property name="locations" value="/WEB-INF/mybatis/db.properties"/>        
   </bean>
</beans>